<?xml version="1.0" ?>
<odoo>

    <!-- Mail template are declared in a NOUPDATE block
         so users can freely customize/delete them -->
    <data noupdate="1">
        <!--Email template for Weekly Report  -->
        <record id="dairy_customer_weekly_report_email_template" model="mail.template">
            <field name="name">Admin Report: Send by email </field>
            <field name="model_id" ref="dairy.model_dairy_seller"/>
            <field name="email_from">{{ (user.email) }}</field>
            <field name="email_to">admin@yourcompany.example.com</field>
            <field name="subject">Customer Report</field>
            <field name="description">Sent admin with attachment</field>

            <field name="body_html" type="html">
                <div style="margin: 0px; padding: 0px;">
                    <span>Hello,</span>
                    <br/><br/>
                    <span>Dear</span>
                    <br/><br/>
                    <p>Here is your Customer Report</p>
                    <br/><br/>
                    <p>Thanks :)</p>
                </div>
            </field>

            <field name="report_template" ref="action_report_for_admin_dairy"/>
            <field name="report_name">Customer Weekly Report</field>
            <field name="auto_delete" eval="True"/>
        </record>
    </data>
</odoo>
