<?xml version="1.0" encoding="utf-8"?>
<odoo>
    <data noupdate="1">
        <record forcecreate="True" id="ir_cron_send_customer_email_report_action" model="ir.cron">
            <field name="name">Dairy : Send PDF Report in Email for Customer</field>
            <field name="model_id" ref="model_dairy_seller"/>
            <field name="active">True</field>
            <field name="state">code</field>
            <field name="code">model.send_email_cron()</field>
            <field name="user_id" ref="base.user_root"/>
            <field name="interval_number">1</field>
            <field name="interval_type">days</field>
            <field name="numbercall">-1</field>
            <field name="priority">1</field>
<!--            <field name="date" eval="(DateTime.now() + timedelta(weeks=1)).strftime('%Y-%m-%d %H:%M:%S')"/>-->
            <!--            <field eval="False" name="doall"/>-->
        </record>

    </data>
</odoo>
